DateKey;Date;DayOfWeek;DayOfMonth;Month;MonthNumber;Quarter;Year
20110101;2011-01-01;Saturday;1;January;1;Q1;2011
20110102;2011-01-02;Sunday;2;January;1;Q1;2011
20110103;2011-01-03;Monday;3;January;1;Q1;2011
20110104;2011-01-04;Tuesday;4;January;1;Q1;2011
20110105;2011-01-05;Wednesday;5;January;1;Q1;2011
20110106;2011-01-06;Thursday;6;January;1;Q1;2011
20110107;2011-01-07;Friday;7;January;1;Q1;2011
20110108;2011-01-08;Saturday;8;January;1;Q1;2011
20110109;2011-01-09;Sunday;9;January;1;Q1;2011
20110110;2011-01-10;Monday;10;January;1;Q1;2011
20110111;2011-01-11;Tuesday;11;January;1;Q1;2011
20110112;2011-01-12;Wednesday;12;January;1;Q1;2011
20110113;2011-01-13;Thursday;13;January;1;Q1;2011
20110114;2011-01-14;Friday;14;January;1;Q1;2011
20110115;2011-01-15;Saturday;15;January;1;Q1;2011
20110116;2011-01-16;Sunday;16;January;1;Q1;2011
20110117;2011-01-17;Monday;17;January;1;Q1;2011
20110118;2011-01-18;Tuesday;18;January;1;Q1;2011
20110119;2011-01-19;Wednesday;19;January;1;Q1;2011
20110120;2011-01-20;Thursday;20;January;1;Q1;2011
20110121;2011-01-21;Friday;21;January;1;Q1;2011
20110122;2011-01-22;Saturday;22;January;1;Q1;2011
20110123;2011-01-23;Sunday;23;January;1;Q1;2011
20110124;2011-01-24;Monday;24;January;1;Q1;2011
20110125;2011-01-25;Tuesday;25;January;1;Q1;2011
20110126;2011-01-26;Wednesday;26;January;1;Q1;2011
20110127;2011-01-27;Thursday;27;January;1;Q1;2011
20110128;2011-01-28;Friday;28;January;1;Q1;2011
20110129;2011-01-29;Saturday;29;January;1;Q1;2011
20110130;2011-01-30;Sunday;30;January;1;Q1;2011
20110131;2011-01-31;Monday;31;January;1;Q1;2011
20110201;2011-02-01;Tuesday;1;February;2;Q1;2011
20110202;2011-02-02;Wednesday;2;February;2;Q1;2011
20110203;2011-02-03;Thursday;3;February;2;Q1;2011
20110204;2011-02-04;Friday;4;February;2;Q1;2011
20110205;2011-02-05;Saturday;5;February;2;Q1;2011
20110206;2011-02-06;Sunday;6;February;2;Q1;2011
20110207;2011-02-07;Monday;7;February;2;Q1;2011
20110208;2011-02-08;Tuesday;8;February;2;Q1;2011
20110209;2011-02-09;Wednesday;9;February;2;Q1;2011
20110210;2011-02-10;Thursday;10;February;2;Q1;2011
20110211;2011-02-11;Friday;11;February;2;Q1;2011
20110212;2011-02-12;Saturday;12;February;2;Q1;2011
20110213;2011-02-13;Sunday;13;February;2;Q1;2011
20110214;2011-02-14;Monday;14;February;2;Q1;2011
20110215;2011-02-15;Tuesday;15;February;2;Q1;2011
20110216;2011-02-16;Wednesday;16;February;2;Q1;2011
20110217;2011-02-17;Thursday;17;February;2;Q1;2011
20110218;2011-02-18;Friday;18;February;2;Q1;2011
20110219;2011-02-19;Saturday;19;February;2;Q1;2011
20110220;2011-02-20;Sunday;20;February;2;Q1;2011
20110221;2011-02-21;Monday;21;February;2;Q1;2011
20110222;2011-02-22;Tuesday;22;February;2;Q1;2011
20110223;2011-02-23;Wednesday;23;February;2;Q1;2011
20110224;2011-02-24;Thursday;24;February;2;Q1;2011
20110225;2011-02-25;Friday;25;February;2;Q1;2011
20110226;2011-02-26;Saturday;26;February;2;Q1;2011
20110227;2011-02-27;Sunday;27;February;2;Q1;2011
20110228;2011-02-28;Monday;28;February;2;Q1;2011
20110301;2011-03-01;Tuesday;1;March;3;Q1;2011
20110302;2011-03-02;Wednesday;2;March;3;Q1;2011
20110303;2011-03-03;Thursday;3;March;3;Q1;2011
20110304;2011-03-04;Friday;4;March;3;Q1;2011
20110305;2011-03-05;Saturday;5;March;3;Q1;2011
20110306;2011-03-06;Sunday;6;March;3;Q1;2011
20110307;2011-03-07;Monday;7;March;3;Q1;2011
20110308;2011-03-08;Tuesday;8;March;3;Q1;2011
20110309;2011-03-09;Wednesday;9;March;3;Q1;2011
20110310;2011-03-10;Thursday;10;March;3;Q1;2011
20110311;2011-03-11;Friday;11;March;3;Q1;2011
20110312;2011-03-12;Saturday;12;March;3;Q1;2011
20110313;2011-03-13;Sunday;13;March;3;Q1;2011
20110314;2011-03-14;Monday;14;March;3;Q1;2011
20110315;2011-03-15;Tuesday;15;March;3;Q1;2011
20110316;2011-03-16;Wednesday;16;March;3;Q1;2011
20110317;2011-03-17;Thursday;17;March;3;Q1;2011
20110318;2011-03-18;Friday;18;March;3;Q1;2011
20110319;2011-03-19;Saturday;19;March;3;Q1;2011
20110320;2011-03-20;Sunday;20;March;3;Q1;2011
20110321;2011-03-21;Monday;21;March;3;Q1;2011
20110322;2011-03-22;Tuesday;22;March;3;Q1;2011
20110323;2011-03-23;Wednesday;23;March;3;Q1;2011
20110324;2011-03-24;Thursday;24;March;3;Q1;2011
20110325;2011-03-25;Friday;25;March;3;Q1;2011
20110326;2011-03-26;Saturday;26;March;3;Q1;2011
20110327;2011-03-27;Sunday;27;March;3;Q1;2011
20110328;2011-03-28;Monday;28;March;3;Q1;2011
20110329;2011-03-29;Tuesday;29;March;3;Q1;2011
20110330;2011-03-30;Wednesday;30;March;3;Q1;2011
20110331;2011-03-31;Thursday;31;March;3;Q1;2011
20110401;2011-04-01;Friday;1;April;4;Q2;2011
20110402;2011-04-02;Saturday;2;April;4;Q2;2011
20110403;2011-04-03;Sunday;3;April;4;Q2;2011
20110404;2011-04-04;Monday;4;April;4;Q2;2011
20110405;2011-04-05;Tuesday;5;April;4;Q2;2011
20110406;2011-04-06;Wednesday;6;April;4;Q2;2011
20110407;2011-04-07;Thursday;7;April;4;Q2;2011
20110408;2011-04-08;Friday;8;April;4;Q2;2011
20110409;2011-04-09;Saturday;9;April;4;Q2;2011
20110410;2011-04-10;Sunday;10;April;4;Q2;2011
20110411;2011-04-11;Monday;11;April;4;Q2;2011
20110412;2011-04-12;Tuesday;12;April;4;Q2;2011
20110413;2011-04-13;Wednesday;13;April;4;Q2;2011
20110414;2011-04-14;Thursday;14;April;4;Q2;2011
20110415;2011-04-15;Friday;15;April;4;Q2;2011
20110416;2011-04-16;Saturday;16;April;4;Q2;2011
20110417;2011-04-17;Sunday;17;April;4;Q2;2011
20110418;2011-04-18;Monday;18;April;4;Q2;2011
20110419;2011-04-19;Tuesday;19;April;4;Q2;2011
20110420;2011-04-20;Wednesday;20;April;4;Q2;2011
20110421;2011-04-21;Thursday;21;April;4;Q2;2011
20110422;2011-04-22;Friday;22;April;4;Q2;2011
20110423;2011-04-23;Saturday;23;April;4;Q2;2011
20110424;2011-04-24;Sunday;24;April;4;Q2;2011
20110425;2011-04-25;Monday;25;April;4;Q2;2011
20110426;2011-04-26;Tuesday;26;April;4;Q2;2011
20110427;2011-04-27;Wednesday;27;April;4;Q2;2011
20110428;2011-04-28;Thursday;28;April;4;Q2;2011
20110429;2011-04-29;Friday;29;April;4;Q2;2011
20110430;2011-04-30;Saturday;30;April;4;Q2;2011
20110501;2011-05-01;Sunday;1;May;5;Q2;2011
20110502;2011-05-02;Monday;2;May;5;Q2;2011
20110503;2011-05-03;Tuesday;3;May;5;Q2;2011
20110504;2011-05-04;Wednesday;4;May;5;Q2;2011
20110505;2011-05-05;Thursday;5;May;5;Q2;2011
20110506;2011-05-06;Friday;6;May;5;Q2;2011
20110507;2011-05-07;Saturday;7;May;5;Q2;2011
20110508;2011-05-08;Sunday;8;May;5;Q2;2011
20110509;2011-05-09;Monday;9;May;5;Q2;2011
20110510;2011-05-10;Tuesday;10;May;5;Q2;2011
20110511;2011-05-11;Wednesday;11;May;5;Q2;2011
20110512;2011-05-12;Thursday;12;May;5;Q2;2011
20110513;2011-05-13;Friday;13;May;5;Q2;2011
20110514;2011-05-14;Saturday;14;May;5;Q2;2011
20110515;2011-05-15;Sunday;15;May;5;Q2;2011
20110516;2011-05-16;Monday;16;May;5;Q2;2011
20110517;2011-05-17;Tuesday;17;May;5;Q2;2011
20110518;2011-05-18;Wednesday;18;May;5;Q2;2011
20110519;2011-05-19;Thursday;19;May;5;Q2;2011
20110520;2011-05-20;Friday;20;May;5;Q2;2011
20110521;2011-05-21;Saturday;21;May;5;Q2;2011
20110522;2011-05-22;Sunday;22;May;5;Q2;2011
20110523;2011-05-23;Monday;23;May;5;Q2;2011
20110524;2011-05-24;Tuesday;24;May;5;Q2;2011
20110525;2011-05-25;Wednesday;25;May;5;Q2;2011
20110526;2011-05-26;Thursday;26;May;5;Q2;2011
20110527;2011-05-27;Friday;27;May;5;Q2;2011
20110528;2011-05-28;Saturday;28;May;5;Q2;2011
20110529;2011-05-29;Sunday;29;May;5;Q2;2011
20110530;2011-05-30;Monday;30;May;5;Q2;2011
20110531;2011-05-31;Tuesday;31;May;5;Q2;2011
20110601;2011-06-01;Wednesday;1;June;6;Q2;2011
20110602;2011-06-02;Thursday;2;June;6;Q2;2011
20110603;2011-06-03;Friday;3;June;6;Q2;2011
20110604;2011-06-04;Saturday;4;June;6;Q2;2011
20110605;2011-06-05;Sunday;5;June;6;Q2;2011
20110606;2011-06-06;Monday;6;June;6;Q2;2011
20110607;2011-06-07;Tuesday;7;June;6;Q2;2011
20110608;2011-06-08;Wednesday;8;June;6;Q2;2011
20110609;2011-06-09;Thursday;9;June;6;Q2;2011
20110610;2011-06-10;Friday;10;June;6;Q2;2011
20110611;2011-06-11;Saturday;11;June;6;Q2;2011
20110612;2011-06-12;Sunday;12;June;6;Q2;2011
20110613;2011-06-13;Monday;13;June;6;Q2;2011
20110614;2011-06-14;Tuesday;14;June;6;Q2;2011
20110615;2011-06-15;Wednesday;15;June;6;Q2;2011
20110616;2011-06-16;Thursday;16;June;6;Q2;2011
20110617;2011-06-17;Friday;17;June;6;Q2;2011
20110618;2011-06-18;Saturday;18;June;6;Q2;2011
20110619;2011-06-19;Sunday;19;June;6;Q2;2011
20110620;2011-06-20;Monday;20;June;6;Q2;2011
20110621;2011-06-21;Tuesday;21;June;6;Q2;2011
20110622;2011-06-22;Wednesday;22;June;6;Q2;2011
20110623;2011-06-23;Thursday;23;June;6;Q2;2011
20110624;2011-06-24;Friday;24;June;6;Q2;2011
20110625;2011-06-25;Saturday;25;June;6;Q2;2011
20110626;2011-06-26;Sunday;26;June;6;Q2;2011
20110627;2011-06-27;Monday;27;June;6;Q2;2011
20110628;2011-06-28;Tuesday;28;June;6;Q2;2011
20110629;2011-06-29;Wednesday;29;June;6;Q2;2011
20110630;2011-06-30;Thursday;30;June;6;Q2;2011
20110701;2011-07-01;Friday;1;July;7;Q3;2011
20110702;2011-07-02;Saturday;2;July;7;Q3;2011
20110703;2011-07-03;Sunday;3;July;7;Q3;2011
20110704;2011-07-04;Monday;4;July;7;Q3;2011
20110705;2011-07-05;Tuesday;5;July;7;Q3;2011
20110706;2011-07-06;Wednesday;6;July;7;Q3;2011
20110707;2011-07-07;Thursday;7;July;7;Q3;2011
20110708;2011-07-08;Friday;8;July;7;Q3;2011
20110709;2011-07-09;Saturday;9;July;7;Q3;2011
20110710;2011-07-10;Sunday;10;July;7;Q3;2011
20110711;2011-07-11;Monday;11;July;7;Q3;2011
20110712;2011-07-12;Tuesday;12;July;7;Q3;2011
20110713;2011-07-13;Wednesday;13;July;7;Q3;2011
20110714;2011-07-14;Thursday;14;July;7;Q3;2011
20110715;2011-07-15;Friday;15;July;7;Q3;2011
20110716;2011-07-16;Saturday;16;July;7;Q3;2011
20110717;2011-07-17;Sunday;17;July;7;Q3;2011
20110718;2011-07-18;Monday;18;July;7;Q3;2011
20110719;2011-07-19;Tuesday;19;July;7;Q3;2011
20110720;2011-07-20;Wednesday;20;July;7;Q3;2011
20110721;2011-07-21;Thursday;21;July;7;Q3;2011
20110722;2011-07-22;Friday;22;July;7;Q3;2011
20110723;2011-07-23;Saturday;23;July;7;Q3;2011
20110724;2011-07-24;Sunday;24;July;7;Q3;2011
20110725;2011-07-25;Monday;25;July;7;Q3;2011
20110726;2011-07-26;Tuesday;26;July;7;Q3;2011
20110727;2011-07-27;Wednesday;27;July;7;Q3;2011
20110728;2011-07-28;Thursday;28;July;7;Q3;2011
20110729;2011-07-29;Friday;29;July;7;Q3;2011
20110730;2011-07-30;Saturday;30;July;7;Q3;2011
20110731;2011-07-31;Sunday;31;July;7;Q3;2011
20110801;2011-08-01;Monday;1;August;8;Q3;2011
20110802;2011-08-02;Tuesday;2;August;8;Q3;2011
20110803;2011-08-03;Wednesday;3;August;8;Q3;2011
20110804;2011-08-04;Thursday;4;August;8;Q3;2011
20110805;2011-08-05;Friday;5;August;8;Q3;2011
20110806;2011-08-06;Saturday;6;August;8;Q3;2011
20110807;2011-08-07;Sunday;7;August;8;Q3;2011
20110808;2011-08-08;Monday;8;August;8;Q3;2011
20110809;2011-08-09;Tuesday;9;August;8;Q3;2011
20110810;2011-08-10;Wednesday;10;August;8;Q3;2011
20110811;2011-08-11;Thursday;11;August;8;Q3;2011
20110812;2011-08-12;Friday;12;August;8;Q3;2011
20110813;2011-08-13;Saturday;13;August;8;Q3;2011
20110814;2011-08-14;Sunday;14;August;8;Q3;2011
20110815;2011-08-15;Monday;15;August;8;Q3;2011
20110816;2011-08-16;Tuesday;16;August;8;Q3;2011
20110817;2011-08-17;Wednesday;17;August;8;Q3;2011
20110818;2011-08-18;Thursday;18;August;8;Q3;2011
20110819;2011-08-19;Friday;19;August;8;Q3;2011
20110820;2011-08-20;Saturday;20;August;8;Q3;2011
20110821;2011-08-21;Sunday;21;August;8;Q3;2011
20110822;2011-08-22;Monday;22;August;8;Q3;2011
20110823;2011-08-23;Tuesday;23;August;8;Q3;2011
20110824;2011-08-24;Wednesday;24;August;8;Q3;2011
20110825;2011-08-25;Thursday;25;August;8;Q3;2011
20110826;2011-08-26;Friday;26;August;8;Q3;2011
20110827;2011-08-27;Saturday;27;August;8;Q3;2011
20110828;2011-08-28;Sunday;28;August;8;Q3;2011
20110829;2011-08-29;Monday;29;August;8;Q3;2011
20110830;2011-08-30;Tuesday;30;August;8;Q3;2011
20110831;2011-08-31;Wednesday;31;August;8;Q3;2011
20110901;2011-09-01;Thursday;1;September;9;Q3;2011
20110902;2011-09-02;Friday;2;September;9;Q3;2011
20110903;2011-09-03;Saturday;3;September;9;Q3;2011
20110904;2011-09-04;Sunday;4;September;9;Q3;2011
20110905;2011-09-05;Monday;5;September;9;Q3;2011
20110906;2011-09-06;Tuesday;6;September;9;Q3;2011
20110907;2011-09-07;Wednesday;7;September;9;Q3;2011
20110908;2011-09-08;Thursday;8;September;9;Q3;2011
20110909;2011-09-09;Friday;9;September;9;Q3;2011
20110910;2011-09-10;Saturday;10;September;9;Q3;2011
20110911;2011-09-11;Sunday;11;September;9;Q3;2011
20110912;2011-09-12;Monday;12;September;9;Q3;2011
20110913;2011-09-13;Tuesday;13;September;9;Q3;2011
20110914;2011-09-14;Wednesday;14;September;9;Q3;2011
20110915;2011-09-15;Thursday;15;September;9;Q3;2011
20110916;2011-09-16;Friday;16;September;9;Q3;2011
20110917;2011-09-17;Saturday;17;September;9;Q3;2011
20110918;2011-09-18;Sunday;18;September;9;Q3;2011
20110919;2011-09-19;Monday;19;September;9;Q3;2011
20110920;2011-09-20;Tuesday;20;September;9;Q3;2011
20110921;2011-09-21;Wednesday;21;September;9;Q3;2011
20110922;2011-09-22;Thursday;22;September;9;Q3;2011
20110923;2011-09-23;Friday;23;September;9;Q3;2011
20110924;2011-09-24;Saturday;24;September;9;Q3;2011
20110925;2011-09-25;Sunday;25;September;9;Q3;2011
20110926;2011-09-26;Monday;26;September;9;Q3;2011
20110927;2011-09-27;Tuesday;27;September;9;Q3;2011
20110928;2011-09-28;Wednesday;28;September;9;Q3;2011
20110929;2011-09-29;Thursday;29;September;9;Q3;2011
20110930;2011-09-30;Friday;30;September;9;Q3;2011
20111001;2011-10-01;Saturday;1;October;10;Q4;2011
20111002;2011-10-02;Sunday;2;October;10;Q4;2011
20111003;2011-10-03;Monday;3;October;10;Q4;2011
20111004;2011-10-04;Tuesday;4;October;10;Q4;2011
20111005;2011-10-05;Wednesday;5;October;10;Q4;2011
20111006;2011-10-06;Thursday;6;October;10;Q4;2011
20111007;2011-10-07;Friday;7;October;10;Q4;2011
20111008;2011-10-08;Saturday;8;October;10;Q4;2011
20111009;2011-10-09;Sunday;9;October;10;Q4;2011
20111010;2011-10-10;Monday;10;October;10;Q4;2011
20111011;2011-10-11;Tuesday;11;October;10;Q4;2011
20111012;2011-10-12;Wednesday;12;October;10;Q4;2011
20111013;2011-10-13;Thursday;13;October;10;Q4;2011
20111014;2011-10-14;Friday;14;October;10;Q4;2011
20111015;2011-10-15;Saturday;15;October;10;Q4;2011
20111016;2011-10-16;Sunday;16;October;10;Q4;2011
20111017;2011-10-17;Monday;17;October;10;Q4;2011
20111018;2011-10-18;Tuesday;18;October;10;Q4;2011
20111019;2011-10-19;Wednesday;19;October;10;Q4;2011
20111020;2011-10-20;Thursday;20;October;10;Q4;2011
20111021;2011-10-21;Friday;21;October;10;Q4;2011
20111022;2011-10-22;Saturday;22;October;10;Q4;2011
20111023;2011-10-23;Sunday;23;October;10;Q4;2011
20111024;2011-10-24;Monday;24;October;10;Q4;2011
20111025;2011-10-25;Tuesday;25;October;10;Q4;2011
20111026;2011-10-26;Wednesday;26;October;10;Q4;2011
20111027;2011-10-27;Thursday;27;October;10;Q4;2011
20111028;2011-10-28;Friday;28;October;10;Q4;2011
20111029;2011-10-29;Saturday;29;October;10;Q4;2011
20111030;2011-10-30;Sunday;30;October;10;Q4;2011
20111031;2011-10-31;Monday;31;October;10;Q4;2011
20111101;2011-11-01;Tuesday;1;November;11;Q4;2011
20111102;2011-11-02;Wednesday;2;November;11;Q4;2011
20111103;2011-11-03;Thursday;3;November;11;Q4;2011
20111104;2011-11-04;Friday;4;November;11;Q4;2011
20111105;2011-11-05;Saturday;5;November;11;Q4;2011
20111106;2011-11-06;Sunday;6;November;11;Q4;2011
20111107;2011-11-07;Monday;7;November;11;Q4;2011
20111108;2011-11-08;Tuesday;8;November;11;Q4;2011
20111109;2011-11-09;Wednesday;9;November;11;Q4;2011
20111110;2011-11-10;Thursday;10;November;11;Q4;2011
20111111;2011-11-11;Friday;11;November;11;Q4;2011
20111112;2011-11-12;Saturday;12;November;11;Q4;2011
20111113;2011-11-13;Sunday;13;November;11;Q4;2011
20111114;2011-11-14;Monday;14;November;11;Q4;2011
20111115;2011-11-15;Tuesday;15;November;11;Q4;2011
20111116;2011-11-16;Wednesday;16;November;11;Q4;2011
20111117;2011-11-17;Thursday;17;November;11;Q4;2011
20111118;2011-11-18;Friday;18;November;11;Q4;2011
20111119;2011-11-19;Saturday;19;November;11;Q4;2011
20111120;2011-11-20;Sunday;20;November;11;Q4;2011
20111121;2011-11-21;Monday;21;November;11;Q4;2011
20111122;2011-11-22;Tuesday;22;November;11;Q4;2011
20111123;2011-11-23;Wednesday;23;November;11;Q4;2011
20111124;2011-11-24;Thursday;24;November;11;Q4;2011
20111125;2011-11-25;Friday;25;November;11;Q4;2011
20111126;2011-11-26;Saturday;26;November;11;Q4;2011
20111127;2011-11-27;Sunday;27;November;11;Q4;2011
20111128;2011-11-28;Monday;28;November;11;Q4;2011
20111129;2011-11-29;Tuesday;29;November;11;Q4;2011
20111130;2011-11-30;Wednesday;30;November;11;Q4;2011
20111201;2011-12-01;Thursday;1;December;12;Q4;2011
20111202;2011-12-02;Friday;2;December;12;Q4;2011
20111203;2011-12-03;Saturday;3;December;12;Q4;2011
20111204;2011-12-04;Sunday;4;December;12;Q4;2011
20111205;2011-12-05;Monday;5;December;12;Q4;2011
20111206;2011-12-06;Tuesday;6;December;12;Q4;2011
20111207;2011-12-07;Wednesday;7;December;12;Q4;2011
20111208;2011-12-08;Thursday;8;December;12;Q4;2011
20111209;2011-12-09;Friday;9;December;12;Q4;2011
20111210;2011-12-10;Saturday;10;December;12;Q4;2011
20111211;2011-12-11;Sunday;11;December;12;Q4;2011
20111212;2011-12-12;Monday;12;December;12;Q4;2011
20111213;2011-12-13;Tuesday;13;December;12;Q4;2011
20111214;2011-12-14;Wednesday;14;December;12;Q4;2011
20111215;2011-12-15;Thursday;15;December;12;Q4;2011
20111216;2011-12-16;Friday;16;December;12;Q4;2011
20111217;2011-12-17;Saturday;17;December;12;Q4;2011
20111218;2011-12-18;Sunday;18;December;12;Q4;2011
20111219;2011-12-19;Monday;19;December;12;Q4;2011
20111220;2011-12-20;Tuesday;20;December;12;Q4;2011
20111221;2011-12-21;Wednesday;21;December;12;Q4;2011
20111222;2011-12-22;Thursday;22;December;12;Q4;2011
20111223;2011-12-23;Friday;23;December;12;Q4;2011
20111224;2011-12-24;Saturday;24;December;12;Q4;2011
20111225;2011-12-25;Sunday;25;December;12;Q4;2011
20111226;2011-12-26;Monday;26;December;12;Q4;2011
20111227;2011-12-27;Tuesday;27;December;12;Q4;2011
20111228;2011-12-28;Wednesday;28;December;12;Q4;2011
20111229;2011-12-29;Thursday;29;December;12;Q4;2011
20111230;2011-12-30;Friday;30;December;12;Q4;2011
20111231;2011-12-31;Saturday;31;December;12;Q4;2011
20120101;2012-01-01;Sunday;1;January;1;Q1;2012
20120102;2012-01-02;Monday;2;January;1;Q1;2012
20120103;2012-01-03;Tuesday;3;January;1;Q1;2012
20120104;2012-01-04;Wednesday;4;January;1;Q1;2012
20120105;2012-01-05;Thursday;5;January;1;Q1;2012
20120106;2012-01-06;Friday;6;January;1;Q1;2012
20120107;2012-01-07;Saturday;7;January;1;Q1;2012
20120108;2012-01-08;Sunday;8;January;1;Q1;2012
20120109;2012-01-09;Monday;9;January;1;Q1;2012
20120110;2012-01-10;Tuesday;10;January;1;Q1;2012
20120111;2012-01-11;Wednesday;11;January;1;Q1;2012
20120112;2012-01-12;Thursday;12;January;1;Q1;2012
20120113;2012-01-13;Friday;13;January;1;Q1;2012
20120114;2012-01-14;Saturday;14;January;1;Q1;2012
20120115;2012-01-15;Sunday;15;January;1;Q1;2012
20120116;2012-01-16;Monday;16;January;1;Q1;2012
20120117;2012-01-17;Tuesday;17;January;1;Q1;2012
20120118;2012-01-18;Wednesday;18;January;1;Q1;2012
20120119;2012-01-19;Thursday;19;January;1;Q1;2012
20120120;2012-01-20;Friday;20;January;1;Q1;2012
20120121;2012-01-21;Saturday;21;January;1;Q1;2012
20120122;2012-01-22;Sunday;22;January;1;Q1;2012
20120123;2012-01-23;Monday;23;January;1;Q1;2012
20120124;2012-01-24;Tuesday;24;January;1;Q1;2012
20120125;2012-01-25;Wednesday;25;January;1;Q1;2012
20120126;2012-01-26;Thursday;26;January;1;Q1;2012
20120127;2012-01-27;Friday;27;January;1;Q1;2012
20120128;2012-01-28;Saturday;28;January;1;Q1;2012
20120129;2012-01-29;Sunday;29;January;1;Q1;2012
20120130;2012-01-30;Monday;30;January;1;Q1;2012
20120131;2012-01-31;Tuesday;31;January;1;Q1;2012
20120201;2012-02-01;Wednesday;1;February;2;Q1;2012
20120202;2012-02-02;Thursday;2;February;2;Q1;2012
20120203;2012-02-03;Friday;3;February;2;Q1;2012
20120204;2012-02-04;Saturday;4;February;2;Q1;2012
20120205;2012-02-05;Sunday;5;February;2;Q1;2012
20120206;2012-02-06;Monday;6;February;2;Q1;2012
20120207;2012-02-07;Tuesday;7;February;2;Q1;2012
20120208;2012-02-08;Wednesday;8;February;2;Q1;2012
20120209;2012-02-09;Thursday;9;February;2;Q1;2012
20120210;2012-02-10;Friday;10;February;2;Q1;2012
20120211;2012-02-11;Saturday;11;February;2;Q1;2012
20120212;2012-02-12;Sunday;12;February;2;Q1;2012
20120213;2012-02-13;Monday;13;February;2;Q1;2012
20120214;2012-02-14;Tuesday;14;February;2;Q1;2012
20120215;2012-02-15;Wednesday;15;February;2;Q1;2012
20120216;2012-02-16;Thursday;16;February;2;Q1;2012
20120217;2012-02-17;Friday;17;February;2;Q1;2012
20120218;2012-02-18;Saturday;18;February;2;Q1;2012
20120219;2012-02-19;Sunday;19;February;2;Q1;2012
20120220;2012-02-20;Monday;20;February;2;Q1;2012
20120221;2012-02-21;Tuesday;21;February;2;Q1;2012
20120222;2012-02-22;Wednesday;22;February;2;Q1;2012
20120223;2012-02-23;Thursday;23;February;2;Q1;2012
20120224;2012-02-24;Friday;24;February;2;Q1;2012
20120225;2012-02-25;Saturday;25;February;2;Q1;2012
20120226;2012-02-26;Sunday;26;February;2;Q1;2012
20120227;2012-02-27;Monday;27;February;2;Q1;2012
20120228;2012-02-28;Tuesday;28;February;2;Q1;2012
20120229;2012-02-29;Wednesday;29;February;2;Q1;2012
20120301;2012-03-01;Thursday;1;March;3;Q1;2012
20120302;2012-03-02;Friday;2;March;3;Q1;2012
20120303;2012-03-03;Saturday;3;March;3;Q1;2012
20120304;2012-03-04;Sunday;4;March;3;Q1;2012
20120305;2012-03-05;Monday;5;March;3;Q1;2012
20120306;2012-03-06;Tuesday;6;March;3;Q1;2012
20120307;2012-03-07;Wednesday;7;March;3;Q1;2012
20120308;2012-03-08;Thursday;8;March;3;Q1;2012
20120309;2012-03-09;Friday;9;March;3;Q1;2012
20120310;2012-03-10;Saturday;10;March;3;Q1;2012
20120311;2012-03-11;Sunday;11;March;3;Q1;2012
20120312;2012-03-12;Monday;12;March;3;Q1;2012
20120313;2012-03-13;Tuesday;13;March;3;Q1;2012
20120314;2012-03-14;Wednesday;14;March;3;Q1;2012
20120315;2012-03-15;Thursday;15;March;3;Q1;2012
20120316;2012-03-16;Friday;16;March;3;Q1;2012
20120317;2012-03-17;Saturday;17;March;3;Q1;2012
20120318;2012-03-18;Sunday;18;March;3;Q1;2012
20120319;2012-03-19;Monday;19;March;3;Q1;2012
20120320;2012-03-20;Tuesday;20;March;3;Q1;2012
20120321;2012-03-21;Wednesday;21;March;3;Q1;2012
20120322;2012-03-22;Thursday;22;March;3;Q1;2012
20120323;2012-03-23;Friday;23;March;3;Q1;2012
20120324;2012-03-24;Saturday;24;March;3;Q1;2012
20120325;2012-03-25;Sunday;25;March;3;Q1;2012
20120326;2012-03-26;Monday;26;March;3;Q1;2012
20120327;2012-03-27;Tuesday;27;March;3;Q1;2012
20120328;2012-03-28;Wednesday;28;March;3;Q1;2012
20120329;2012-03-29;Thursday;29;March;3;Q1;2012
20120330;2012-03-30;Friday;30;March;3;Q1;2012
20120331;2012-03-31;Saturday;31;March;3;Q1;2012
20120401;2012-04-01;Sunday;1;April;4;Q2;2012
20120402;2012-04-02;Monday;2;April;4;Q2;2012
20120403;2012-04-03;Tuesday;3;April;4;Q2;2012
20120404;2012-04-04;Wednesday;4;April;4;Q2;2012
20120405;2012-04-05;Thursday;5;April;4;Q2;2012
20120406;2012-04-06;Friday;6;April;4;Q2;2012
20120407;2012-04-07;Saturday;7;April;4;Q2;2012
20120408;2012-04-08;Sunday;8;April;4;Q2;2012
20120409;2012-04-09;Monday;9;April;4;Q2;2012
20120410;2012-04-10;Tuesday;10;April;4;Q2;2012
20120411;2012-04-11;Wednesday;11;April;4;Q2;2012
20120412;2012-04-12;Thursday;12;April;4;Q2;2012
20120413;2012-04-13;Friday;13;April;4;Q2;2012
20120414;2012-04-14;Saturday;14;April;4;Q2;2012
20120415;2012-04-15;Sunday;15;April;4;Q2;2012
20120416;2012-04-16;Monday;16;April;4;Q2;2012
20120417;2012-04-17;Tuesday;17;April;4;Q2;2012
20120418;2012-04-18;Wednesday;18;April;4;Q2;2012
20120419;2012-04-19;Thursday;19;April;4;Q2;2012
20120420;2012-04-20;Friday;20;April;4;Q2;2012
20120421;2012-04-21;Saturday;21;April;4;Q2;2012
20120422;2012-04-22;Sunday;22;April;4;Q2;2012
20120423;2012-04-23;Monday;23;April;4;Q2;2012
20120424;2012-04-24;Tuesday;24;April;4;Q2;2012
20120425;2012-04-25;Wednesday;25;April;4;Q2;2012
20120426;2012-04-26;Thursday;26;April;4;Q2;2012
20120427;2012-04-27;Friday;27;April;4;Q2;2012
20120428;2012-04-28;Saturday;28;April;4;Q2;2012
20120429;2012-04-29;Sunday;29;April;4;Q2;2012
20120430;2012-04-30;Monday;30;April;4;Q2;2012
20120501;2012-05-01;Tuesday;1;May;5;Q2;2012
20120502;2012-05-02;Wednesday;2;May;5;Q2;2012
20120503;2012-05-03;Thursday;3;May;5;Q2;2012
20120504;2012-05-04;Friday;4;May;5;Q2;2012
20120505;2012-05-05;Saturday;5;May;5;Q2;2012
20120506;2012-05-06;Sunday;6;May;5;Q2;2012
20120507;2012-05-07;Monday;7;May;5;Q2;2012
20120508;2012-05-08;Tuesday;8;May;5;Q2;2012
20120509;2012-05-09;Wednesday;9;May;5;Q2;2012
20120510;2012-05-10;Thursday;10;May;5;Q2;2012
20120511;2012-05-11;Friday;11;May;5;Q2;2012
20120512;2012-05-12;Saturday;12;May;5;Q2;2012
20120513;2012-05-13;Sunday;13;May;5;Q2;2012
20120514;2012-05-14;Monday;14;May;5;Q2;2012
20120515;2012-05-15;Tuesday;15;May;5;Q2;2012
20120516;2012-05-16;Wednesday;16;May;5;Q2;2012
20120517;2012-05-17;Thursday;17;May;5;Q2;2012
20120518;2012-05-18;Friday;18;May;5;Q2;2012
20120519;2012-05-19;Saturday;19;May;5;Q2;2012
20120520;2012-05-20;Sunday;20;May;5;Q2;2012
20120521;2012-05-21;Monday;21;May;5;Q2;2012
20120522;2012-05-22;Tuesday;22;May;5;Q2;2012
20120523;2012-05-23;Wednesday;23;May;5;Q2;2012
20120524;2012-05-24;Thursday;24;May;5;Q2;2012
20120525;2012-05-25;Friday;25;May;5;Q2;2012
20120526;2012-05-26;Saturday;26;May;5;Q2;2012
20120527;2012-05-27;Sunday;27;May;5;Q2;2012
20120528;2012-05-28;Monday;28;May;5;Q2;2012
20120529;2012-05-29;Tuesday;29;May;5;Q2;2012
20120530;2012-05-30;Wednesday;30;May;5;Q2;2012
20120531;2012-05-31;Thursday;31;May;5;Q2;2012
20120601;2012-06-01;Friday;1;June;6;Q2;2012
20120602;2012-06-02;Saturday;2;June;6;Q2;2012
20120603;2012-06-03;Sunday;3;June;6;Q2;2012
20120604;2012-06-04;Monday;4;June;6;Q2;2012
20120605;2012-06-05;Tuesday;5;June;6;Q2;2012
20120606;2012-06-06;Wednesday;6;June;6;Q2;2012
20120607;2012-06-07;Thursday;7;June;6;Q2;2012
20120608;2012-06-08;Friday;8;June;6;Q2;2012
20120609;2012-06-09;Saturday;9;June;6;Q2;2012
20120610;2012-06-10;Sunday;10;June;6;Q2;2012
20120611;2012-06-11;Monday;11;June;6;Q2;2012
20120612;2012-06-12;Tuesday;12;June;6;Q2;2012
20120613;2012-06-13;Wednesday;13;June;6;Q2;2012
20120614;2012-06-14;Thursday;14;June;6;Q2;2012
20120615;2012-06-15;Friday;15;June;6;Q2;2012
20120616;2012-06-16;Saturday;16;June;6;Q2;2012
20120617;2012-06-17;Sunday;17;June;6;Q2;2012
20120618;2012-06-18;Monday;18;June;6;Q2;2012
20120619;2012-06-19;Tuesday;19;June;6;Q2;2012
20120620;2012-06-20;Wednesday;20;June;6;Q2;2012
20120621;2012-06-21;Thursday;21;June;6;Q2;2012
20120622;2012-06-22;Friday;22;June;6;Q2;2012
20120623;2012-06-23;Saturday;23;June;6;Q2;2012
20120624;2012-06-24;Sunday;24;June;6;Q2;2012
20120625;2012-06-25;Monday;25;June;6;Q2;2012
20120626;2012-06-26;Tuesday;26;June;6;Q2;2012
20120627;2012-06-27;Wednesday;27;June;6;Q2;2012
20120628;2012-06-28;Thursday;28;June;6;Q2;2012
20120629;2012-06-29;Friday;29;June;6;Q2;2012
20120630;2012-06-30;Saturday;30;June;6;Q2;2012
20120701;2012-07-01;Sunday;1;July;7;Q3;2012
20120702;2012-07-02;Monday;2;July;7;Q3;2012
20120703;2012-07-03;Tuesday;3;July;7;Q3;2012
20120704;2012-07-04;Wednesday;4;July;7;Q3;2012
20120705;2012-07-05;Thursday;5;July;7;Q3;2012
20120706;2012-07-06;Friday;6;July;7;Q3;2012
20120707;2012-07-07;Saturday;7;July;7;Q3;2012
20120708;2012-07-08;Sunday;8;July;7;Q3;2012
20120709;2012-07-09;Monday;9;July;7;Q3;2012
20120710;2012-07-10;Tuesday;10;July;7;Q3;2012
20120711;2012-07-11;Wednesday;11;July;7;Q3;2012
20120712;2012-07-12;Thursday;12;July;7;Q3;2012
20120713;2012-07-13;Friday;13;July;7;Q3;2012
20120714;2012-07-14;Saturday;14;July;7;Q3;2012
20120715;2012-07-15;Sunday;15;July;7;Q3;2012
20120716;2012-07-16;Monday;16;July;7;Q3;2012
20120717;2012-07-17;Tuesday;17;July;7;Q3;2012
20120718;2012-07-18;Wednesday;18;July;7;Q3;2012
20120719;2012-07-19;Thursday;19;July;7;Q3;2012
20120720;2012-07-20;Friday;20;July;7;Q3;2012
20120721;2012-07-21;Saturday;21;July;7;Q3;2012
20120722;2012-07-22;Sunday;22;July;7;Q3;2012
20120723;2012-07-23;Monday;23;July;7;Q3;2012
20120724;2012-07-24;Tuesday;24;July;7;Q3;2012
20120725;2012-07-25;Wednesday;25;July;7;Q3;2012
20120726;2012-07-26;Thursday;26;July;7;Q3;2012
20120727;2012-07-27;Friday;27;July;7;Q3;2012
20120728;2012-07-28;Saturday;28;July;7;Q3;2012
20120729;2012-07-29;Sunday;29;July;7;Q3;2012
20120730;2012-07-30;Monday;30;July;7;Q3;2012
20120731;2012-07-31;Tuesday;31;July;7;Q3;2012
20120801;2012-08-01;Wednesday;1;August;8;Q3;2012
20120802;2012-08-02;Thursday;2;August;8;Q3;2012
20120803;2012-08-03;Friday;3;August;8;Q3;2012
20120804;2012-08-04;Saturday;4;August;8;Q3;2012
20120805;2012-08-05;Sunday;5;August;8;Q3;2012
20120806;2012-08-06;Monday;6;August;8;Q3;2012
20120807;2012-08-07;Tuesday;7;August;8;Q3;2012
20120808;2012-08-08;Wednesday;8;August;8;Q3;2012
20120809;2012-08-09;Thursday;9;August;8;Q3;2012
20120810;2012-08-10;Friday;10;August;8;Q3;2012
20120811;2012-08-11;Saturday;11;August;8;Q3;2012
20120812;2012-08-12;Sunday;12;August;8;Q3;2012
20120813;2012-08-13;Monday;13;August;8;Q3;2012
20120814;2012-08-14;Tuesday;14;August;8;Q3;2012
20120815;2012-08-15;Wednesday;15;August;8;Q3;2012
20120816;2012-08-16;Thursday;16;August;8;Q3;2012
20120817;2012-08-17;Friday;17;August;8;Q3;2012
20120818;2012-08-18;Saturday;18;August;8;Q3;2012
20120819;2012-08-19;Sunday;19;August;8;Q3;2012
20120820;2012-08-20;Monday;20;August;8;Q3;2012
20120821;2012-08-21;Tuesday;21;August;8;Q3;2012
20120822;2012-08-22;Wednesday;22;August;8;Q3;2012
20120823;2012-08-23;Thursday;23;August;8;Q3;2012
20120824;2012-08-24;Friday;24;August;8;Q3;2012
20120825;2012-08-25;Saturday;25;August;8;Q3;2012
20120826;2012-08-26;Sunday;26;August;8;Q3;2012
20120827;2012-08-27;Monday;27;August;8;Q3;2012
20120828;2012-08-28;Tuesday;28;August;8;Q3;2012
20120829;2012-08-29;Wednesday;29;August;8;Q3;2012
20120830;2012-08-30;Thursday;30;August;8;Q3;2012
20120831;2012-08-31;Friday;31;August;8;Q3;2012
20120901;2012-09-01;Saturday;1;September;9;Q3;2012
20120902;2012-09-02;Sunday;2;September;9;Q3;2012
20120903;2012-09-03;Monday;3;September;9;Q3;2012
20120904;2012-09-04;Tuesday;4;September;9;Q3;2012
20120905;2012-09-05;Wednesday;5;September;9;Q3;2012
20120906;2012-09-06;Thursday;6;September;9;Q3;2012
20120907;2012-09-07;Friday;7;September;9;Q3;2012
20120908;2012-09-08;Saturday;8;September;9;Q3;2012
20120909;2012-09-09;Sunday;9;September;9;Q3;2012
20120910;2012-09-10;Monday;10;September;9;Q3;2012
20120911;2012-09-11;Tuesday;11;September;9;Q3;2012
20120912;2012-09-12;Wednesday;12;September;9;Q3;2012
20120913;2012-09-13;Thursday;13;September;9;Q3;2012
20120914;2012-09-14;Friday;14;September;9;Q3;2012
20120915;2012-09-15;Saturday;15;September;9;Q3;2012
20120916;2012-09-16;Sunday;16;September;9;Q3;2012
20120917;2012-09-17;Monday;17;September;9;Q3;2012
20120918;2012-09-18;Tuesday;18;September;9;Q3;2012
20120919;2012-09-19;Wednesday;19;September;9;Q3;2012
20120920;2012-09-20;Thursday;20;September;9;Q3;2012
20120921;2012-09-21;Friday;21;September;9;Q3;2012
20120922;2012-09-22;Saturday;22;September;9;Q3;2012
20120923;2012-09-23;Sunday;23;September;9;Q3;2012
20120924;2012-09-24;Monday;24;September;9;Q3;2012
20120925;2012-09-25;Tuesday;25;September;9;Q3;2012
20120926;2012-09-26;Wednesday;26;September;9;Q3;2012
20120927;2012-09-27;Thursday;27;September;9;Q3;2012
20120928;2012-09-28;Friday;28;September;9;Q3;2012
20120929;2012-09-29;Saturday;29;September;9;Q3;2012
20120930;2012-09-30;Sunday;30;September;9;Q3;2012
20121001;2012-10-01;Monday;1;October;10;Q4;2012
20121002;2012-10-02;Tuesday;2;October;10;Q4;2012
20121003;2012-10-03;Wednesday;3;October;10;Q4;2012
20121004;2012-10-04;Thursday;4;October;10;Q4;2012
20121005;2012-10-05;Friday;5;October;10;Q4;2012
20121006;2012-10-06;Saturday;6;October;10;Q4;2012
20121007;2012-10-07;Sunday;7;October;10;Q4;2012
20121008;2012-10-08;Monday;8;October;10;Q4;2012
20121009;2012-10-09;Tuesday;9;October;10;Q4;2012
20121010;2012-10-10;Wednesday;10;October;10;Q4;2012
20121011;2012-10-11;Thursday;11;October;10;Q4;2012
20121012;2012-10-12;Friday;12;October;10;Q4;2012
20121013;2012-10-13;Saturday;13;October;10;Q4;2012
20121014;2012-10-14;Sunday;14;October;10;Q4;2012
20121015;2012-10-15;Monday;15;October;10;Q4;2012
20121016;2012-10-16;Tuesday;16;October;10;Q4;2012
20121017;2012-10-17;Wednesday;17;October;10;Q4;2012
20121018;2012-10-18;Thursday;18;October;10;Q4;2012
20121019;2012-10-19;Friday;19;October;10;Q4;2012
20121020;2012-10-20;Saturday;20;October;10;Q4;2012
20121021;2012-10-21;Sunday;21;October;10;Q4;2012
20121022;2012-10-22;Monday;22;October;10;Q4;2012
20121023;2012-10-23;Tuesday;23;October;10;Q4;2012
20121024;2012-10-24;Wednesday;24;October;10;Q4;2012
20121025;2012-10-25;Thursday;25;October;10;Q4;2012
20121026;2012-10-26;Friday;26;October;10;Q4;2012
20121027;2012-10-27;Saturday;27;October;10;Q4;2012
20121028;2012-10-28;Sunday;28;October;10;Q4;2012
20121029;2012-10-29;Monday;29;October;10;Q4;2012
20121030;2012-10-30;Tuesday;30;October;10;Q4;2012
20121031;2012-10-31;Wednesday;31;October;10;Q4;2012
20121101;2012-11-01;Thursday;1;November;11;Q4;2012
20121102;2012-11-02;Friday;2;November;11;Q4;2012
20121103;2012-11-03;Saturday;3;November;11;Q4;2012
20121104;2012-11-04;Sunday;4;November;11;Q4;2012
20121105;2012-11-05;Monday;5;November;11;Q4;2012
20121106;2012-11-06;Tuesday;6;November;11;Q4;2012
20121107;2012-11-07;Wednesday;7;November;11;Q4;2012
20121108;2012-11-08;Thursday;8;November;11;Q4;2012
20121109;2012-11-09;Friday;9;November;11;Q4;2012
20121110;2012-11-10;Saturday;10;November;11;Q4;2012
20121111;2012-11-11;Sunday;11;November;11;Q4;2012
20121112;2012-11-12;Monday;12;November;11;Q4;2012
20121113;2012-11-13;Tuesday;13;November;11;Q4;2012
20121114;2012-11-14;Wednesday;14;November;11;Q4;2012
20121115;2012-11-15;Thursday;15;November;11;Q4;2012
20121116;2012-11-16;Friday;16;November;11;Q4;2012
20121117;2012-11-17;Saturday;17;November;11;Q4;2012
20121118;2012-11-18;Sunday;18;November;11;Q4;2012
20121119;2012-11-19;Monday;19;November;11;Q4;2012
20121120;2012-11-20;Tuesday;20;November;11;Q4;2012
20121121;2012-11-21;Wednesday;21;November;11;Q4;2012
20121122;2012-11-22;Thursday;22;November;11;Q4;2012
20121123;2012-11-23;Friday;23;November;11;Q4;2012
20121124;2012-11-24;Saturday;24;November;11;Q4;2012
20121125;2012-11-25;Sunday;25;November;11;Q4;2012
20121126;2012-11-26;Monday;26;November;11;Q4;2012
20121127;2012-11-27;Tuesday;27;November;11;Q4;2012
20121128;2012-11-28;Wednesday;28;November;11;Q4;2012
20121129;2012-11-29;Thursday;29;November;11;Q4;2012
20121130;2012-11-30;Friday;30;November;11;Q4;2012
20121201;2012-12-01;Saturday;1;December;12;Q4;2012
20121202;2012-12-02;Sunday;2;December;12;Q4;2012
20121203;2012-12-03;Monday;3;December;12;Q4;2012
20121204;2012-12-04;Tuesday;4;December;12;Q4;2012
20121205;2012-12-05;Wednesday;5;December;12;Q4;2012
20121206;2012-12-06;Thursday;6;December;12;Q4;2012
20121207;2012-12-07;Friday;7;December;12;Q4;2012
20121208;2012-12-08;Saturday;8;December;12;Q4;2012
20121209;2012-12-09;Sunday;9;December;12;Q4;2012
20121210;2012-12-10;Monday;10;December;12;Q4;2012
20121211;2012-12-11;Tuesday;11;December;12;Q4;2012
20121212;2012-12-12;Wednesday;12;December;12;Q4;2012
20121213;2012-12-13;Thursday;13;December;12;Q4;2012
20121214;2012-12-14;Friday;14;December;12;Q4;2012
20121215;2012-12-15;Saturday;15;December;12;Q4;2012
20121216;2012-12-16;Sunday;16;December;12;Q4;2012
20121217;2012-12-17;Monday;17;December;12;Q4;2012
20121218;2012-12-18;Tuesday;18;December;12;Q4;2012
20121219;2012-12-19;Wednesday;19;December;12;Q4;2012
20121220;2012-12-20;Thursday;20;December;12;Q4;2012
20121221;2012-12-21;Friday;21;December;12;Q4;2012
20121222;2012-12-22;Saturday;22;December;12;Q4;2012
20121223;2012-12-23;Sunday;23;December;12;Q4;2012
20121224;2012-12-24;Monday;24;December;12;Q4;2012
20121225;2012-12-25;Tuesday;25;December;12;Q4;2012
20121226;2012-12-26;Wednesday;26;December;12;Q4;2012
20121227;2012-12-27;Thursday;27;December;12;Q4;2012
20121228;2012-12-28;Friday;28;December;12;Q4;2012
20121229;2012-12-29;Saturday;29;December;12;Q4;2012
20121230;2012-12-30;Sunday;30;December;12;Q4;2012
20121231;2012-12-31;Monday;31;December;12;Q4;2012
20130101;2013-01-01;Tuesday;1;January;1;Q1;2013
20130102;2013-01-02;Wednesday;2;January;1;Q1;2013
20130103;2013-01-03;Thursday;3;January;1;Q1;2013
20130104;2013-01-04;Friday;4;January;1;Q1;2013
20130105;2013-01-05;Saturday;5;January;1;Q1;2013
20130106;2013-01-06;Sunday;6;January;1;Q1;2013
20130107;2013-01-07;Monday;7;January;1;Q1;2013
20130108;2013-01-08;Tuesday;8;January;1;Q1;2013
20130109;2013-01-09;Wednesday;9;January;1;Q1;2013
20130110;2013-01-10;Thursday;10;January;1;Q1;2013
20130111;2013-01-11;Friday;11;January;1;Q1;2013
20130112;2013-01-12;Saturday;12;January;1;Q1;2013
20130113;2013-01-13;Sunday;13;January;1;Q1;2013
20130114;2013-01-14;Monday;14;January;1;Q1;2013
20130115;2013-01-15;Tuesday;15;January;1;Q1;2013
20130116;2013-01-16;Wednesday;16;January;1;Q1;2013
20130117;2013-01-17;Thursday;17;January;1;Q1;2013
20130118;2013-01-18;Friday;18;January;1;Q1;2013
20130119;2013-01-19;Saturday;19;January;1;Q1;2013
20130120;2013-01-20;Sunday;20;January;1;Q1;2013
20130121;2013-01-21;Monday;21;January;1;Q1;2013
20130122;2013-01-22;Tuesday;22;January;1;Q1;2013
20130123;2013-01-23;Wednesday;23;January;1;Q1;2013
20130124;2013-01-24;Thursday;24;January;1;Q1;2013
20130125;2013-01-25;Friday;25;January;1;Q1;2013
20130126;2013-01-26;Saturday;26;January;1;Q1;2013
20130127;2013-01-27;Sunday;27;January;1;Q1;2013
20130128;2013-01-28;Monday;28;January;1;Q1;2013
20130129;2013-01-29;Tuesday;29;January;1;Q1;2013
20130130;2013-01-30;Wednesday;30;January;1;Q1;2013
20130131;2013-01-31;Thursday;31;January;1;Q1;2013
20130201;2013-02-01;Friday;1;February;2;Q1;2013
20130202;2013-02-02;Saturday;2;February;2;Q1;2013
20130203;2013-02-03;Sunday;3;February;2;Q1;2013
20130204;2013-02-04;Monday;4;February;2;Q1;2013
20130205;2013-02-05;Tuesday;5;February;2;Q1;2013
20130206;2013-02-06;Wednesday;6;February;2;Q1;2013
20130207;2013-02-07;Thursday;7;February;2;Q1;2013
20130208;2013-02-08;Friday;8;February;2;Q1;2013
20130209;2013-02-09;Saturday;9;February;2;Q1;2013
20130210;2013-02-10;Sunday;10;February;2;Q1;2013
20130211;2013-02-11;Monday;11;February;2;Q1;2013
20130212;2013-02-12;Tuesday;12;February;2;Q1;2013
20130213;2013-02-13;Wednesday;13;February;2;Q1;2013
20130214;2013-02-14;Thursday;14;February;2;Q1;2013
20130215;2013-02-15;Friday;15;February;2;Q1;2013
20130216;2013-02-16;Saturday;16;February;2;Q1;2013
20130217;2013-02-17;Sunday;17;February;2;Q1;2013
20130218;2013-02-18;Monday;18;February;2;Q1;2013
20130219;2013-02-19;Tuesday;19;February;2;Q1;2013
20130220;2013-02-20;Wednesday;20;February;2;Q1;2013
20130221;2013-02-21;Thursday;21;February;2;Q1;2013
20130222;2013-02-22;Friday;22;February;2;Q1;2013
20130223;2013-02-23;Saturday;23;February;2;Q1;2013
20130224;2013-02-24;Sunday;24;February;2;Q1;2013
20130225;2013-02-25;Monday;25;February;2;Q1;2013
20130226;2013-02-26;Tuesday;26;February;2;Q1;2013
20130227;2013-02-27;Wednesday;27;February;2;Q1;2013
20130228;2013-02-28;Thursday;28;February;2;Q1;2013
20130301;2013-03-01;Friday;1;March;3;Q1;2013
20130302;2013-03-02;Saturday;2;March;3;Q1;2013
20130303;2013-03-03;Sunday;3;March;3;Q1;2013
20130304;2013-03-04;Monday;4;March;3;Q1;2013
20130305;2013-03-05;Tuesday;5;March;3;Q1;2013
20130306;2013-03-06;Wednesday;6;March;3;Q1;2013
20130307;2013-03-07;Thursday;7;March;3;Q1;2013
20130308;2013-03-08;Friday;8;March;3;Q1;2013
20130309;2013-03-09;Saturday;9;March;3;Q1;2013
20130310;2013-03-10;Sunday;10;March;3;Q1;2013
20130311;2013-03-11;Monday;11;March;3;Q1;2013
20130312;2013-03-12;Tuesday;12;March;3;Q1;2013
20130313;2013-03-13;Wednesday;13;March;3;Q1;2013
20130314;2013-03-14;Thursday;14;March;3;Q1;2013
20130315;2013-03-15;Friday;15;March;3;Q1;2013
20130316;2013-03-16;Saturday;16;March;3;Q1;2013
20130317;2013-03-17;Sunday;17;March;3;Q1;2013
20130318;2013-03-18;Monday;18;March;3;Q1;2013
20130319;2013-03-19;Tuesday;19;March;3;Q1;2013
20130320;2013-03-20;Wednesday;20;March;3;Q1;2013
20130321;2013-03-21;Thursday;21;March;3;Q1;2013
20130322;2013-03-22;Friday;22;March;3;Q1;2013
20130323;2013-03-23;Saturday;23;March;3;Q1;2013
20130324;2013-03-24;Sunday;24;March;3;Q1;2013
20130325;2013-03-25;Monday;25;March;3;Q1;2013
20130326;2013-03-26;Tuesday;26;March;3;Q1;2013
20130327;2013-03-27;Wednesday;27;March;3;Q1;2013
20130328;2013-03-28;Thursday;28;March;3;Q1;2013
20130329;2013-03-29;Friday;29;March;3;Q1;2013
20130330;2013-03-30;Saturday;30;March;3;Q1;2013
20130331;2013-03-31;Sunday;31;March;3;Q1;2013
20130401;2013-04-01;Monday;1;April;4;Q2;2013
20130402;2013-04-02;Tuesday;2;April;4;Q2;2013
20130403;2013-04-03;Wednesday;3;April;4;Q2;2013
20130404;2013-04-04;Thursday;4;April;4;Q2;2013
20130405;2013-04-05;Friday;5;April;4;Q2;2013
20130406;2013-04-06;Saturday;6;April;4;Q2;2013
20130407;2013-04-07;Sunday;7;April;4;Q2;2013
20130408;2013-04-08;Monday;8;April;4;Q2;2013
20130409;2013-04-09;Tuesday;9;April;4;Q2;2013
20130410;2013-04-10;Wednesday;10;April;4;Q2;2013
20130411;2013-04-11;Thursday;11;April;4;Q2;2013
20130412;2013-04-12;Friday;12;April;4;Q2;2013
20130413;2013-04-13;Saturday;13;April;4;Q2;2013
20130414;2013-04-14;Sunday;14;April;4;Q2;2013
20130415;2013-04-15;Monday;15;April;4;Q2;2013
20130416;2013-04-16;Tuesday;16;April;4;Q2;2013
20130417;2013-04-17;Wednesday;17;April;4;Q2;2013
20130418;2013-04-18;Thursday;18;April;4;Q2;2013
20130419;2013-04-19;Friday;19;April;4;Q2;2013
20130420;2013-04-20;Saturday;20;April;4;Q2;2013
20130421;2013-04-21;Sunday;21;April;4;Q2;2013
20130422;2013-04-22;Monday;22;April;4;Q2;2013
20130423;2013-04-23;Tuesday;23;April;4;Q2;2013
20130424;2013-04-24;Wednesday;24;April;4;Q2;2013
20130425;2013-04-25;Thursday;25;April;4;Q2;2013
20130426;2013-04-26;Friday;26;April;4;Q2;2013
20130427;2013-04-27;Saturday;27;April;4;Q2;2013
20130428;2013-04-28;Sunday;28;April;4;Q2;2013
20130429;2013-04-29;Monday;29;April;4;Q2;2013
20130430;2013-04-30;Tuesday;30;April;4;Q2;2013
20130501;2013-05-01;Wednesday;1;May;5;Q2;2013
20130502;2013-05-02;Thursday;2;May;5;Q2;2013
20130503;2013-05-03;Friday;3;May;5;Q2;2013
20130504;2013-05-04;Saturday;4;May;5;Q2;2013
20130505;2013-05-05;Sunday;5;May;5;Q2;2013
20130506;2013-05-06;Monday;6;May;5;Q2;2013
20130507;2013-05-07;Tuesday;7;May;5;Q2;2013
20130508;2013-05-08;Wednesday;8;May;5;Q2;2013
20130509;2013-05-09;Thursday;9;May;5;Q2;2013
20130510;2013-05-10;Friday;10;May;5;Q2;2013
20130511;2013-05-11;Saturday;11;May;5;Q2;2013
20130512;2013-05-12;Sunday;12;May;5;Q2;2013
20130513;2013-05-13;Monday;13;May;5;Q2;2013
20130514;2013-05-14;Tuesday;14;May;5;Q2;2013
20130515;2013-05-15;Wednesday;15;May;5;Q2;2013
20130516;2013-05-16;Thursday;16;May;5;Q2;2013
20130517;2013-05-17;Friday;17;May;5;Q2;2013
20130518;2013-05-18;Saturday;18;May;5;Q2;2013
20130519;2013-05-19;Sunday;19;May;5;Q2;2013
20130520;2013-05-20;Monday;20;May;5;Q2;2013
20130521;2013-05-21;Tuesday;21;May;5;Q2;2013
20130522;2013-05-22;Wednesday;22;May;5;Q2;2013
20130523;2013-05-23;Thursday;23;May;5;Q2;2013
20130524;2013-05-24;Friday;24;May;5;Q2;2013
20130525;2013-05-25;Saturday;25;May;5;Q2;2013
20130526;2013-05-26;Sunday;26;May;5;Q2;2013
20130527;2013-05-27;Monday;27;May;5;Q2;2013
20130528;2013-05-28;Tuesday;28;May;5;Q2;2013
20130529;2013-05-29;Wednesday;29;May;5;Q2;2013
20130530;2013-05-30;Thursday;30;May;5;Q2;2013
20130531;2013-05-31;Friday;31;May;5;Q2;2013
20130601;2013-06-01;Saturday;1;June;6;Q2;2013
20130602;2013-06-02;Sunday;2;June;6;Q2;2013
20130603;2013-06-03;Monday;3;June;6;Q2;2013
20130604;2013-06-04;Tuesday;4;June;6;Q2;2013
20130605;2013-06-05;Wednesday;5;June;6;Q2;2013
20130606;2013-06-06;Thursday;6;June;6;Q2;2013
20130607;2013-06-07;Friday;7;June;6;Q2;2013
20130608;2013-06-08;Saturday;8;June;6;Q2;2013
20130609;2013-06-09;Sunday;9;June;6;Q2;2013
20130610;2013-06-10;Monday;10;June;6;Q2;2013
20130611;2013-06-11;Tuesday;11;June;6;Q2;2013
20130612;2013-06-12;Wednesday;12;June;6;Q2;2013
20130613;2013-06-13;Thursday;13;June;6;Q2;2013
20130614;2013-06-14;Friday;14;June;6;Q2;2013
20130615;2013-06-15;Saturday;15;June;6;Q2;2013
20130616;2013-06-16;Sunday;16;June;6;Q2;2013
20130617;2013-06-17;Monday;17;June;6;Q2;2013
20130618;2013-06-18;Tuesday;18;June;6;Q2;2013
20130619;2013-06-19;Wednesday;19;June;6;Q2;2013
20130620;2013-06-20;Thursday;20;June;6;Q2;2013
20130621;2013-06-21;Friday;21;June;6;Q2;2013
20130622;2013-06-22;Saturday;22;June;6;Q2;2013
20130623;2013-06-23;Sunday;23;June;6;Q2;2013
20130624;2013-06-24;Monday;24;June;6;Q2;2013
20130625;2013-06-25;Tuesday;25;June;6;Q2;2013
20130626;2013-06-26;Wednesday;26;June;6;Q2;2013
20130627;2013-06-27;Thursday;27;June;6;Q2;2013
20130628;2013-06-28;Friday;28;June;6;Q2;2013
20130629;2013-06-29;Saturday;29;June;6;Q2;2013
20130630;2013-06-30;Sunday;30;June;6;Q2;2013
20130701;2013-07-01;Monday;1;July;7;Q3;2013
20130702;2013-07-02;Tuesday;2;July;7;Q3;2013
20130703;2013-07-03;Wednesday;3;July;7;Q3;2013
20130704;2013-07-04;Thursday;4;July;7;Q3;2013
20130705;2013-07-05;Friday;5;July;7;Q3;2013
20130706;2013-07-06;Saturday;6;July;7;Q3;2013
20130707;2013-07-07;Sunday;7;July;7;Q3;2013
20130708;2013-07-08;Monday;8;July;7;Q3;2013
20130709;2013-07-09;Tuesday;9;July;7;Q3;2013
20130710;2013-07-10;Wednesday;10;July;7;Q3;2013
20130711;2013-07-11;Thursday;11;July;7;Q3;2013
20130712;2013-07-12;Friday;12;July;7;Q3;2013
20130713;2013-07-13;Saturday;13;July;7;Q3;2013
20130714;2013-07-14;Sunday;14;July;7;Q3;2013
20130715;2013-07-15;Monday;15;July;7;Q3;2013
20130716;2013-07-16;Tuesday;16;July;7;Q3;2013
20130717;2013-07-17;Wednesday;17;July;7;Q3;2013
20130718;2013-07-18;Thursday;18;July;7;Q3;2013
20130719;2013-07-19;Friday;19;July;7;Q3;2013
20130720;2013-07-20;Saturday;20;July;7;Q3;2013
20130721;2013-07-21;Sunday;21;July;7;Q3;2013
20130722;2013-07-22;Monday;22;July;7;Q3;2013
20130723;2013-07-23;Tuesday;23;July;7;Q3;2013
20130724;2013-07-24;Wednesday;24;July;7;Q3;2013
20130725;2013-07-25;Thursday;25;July;7;Q3;2013
20130726;2013-07-26;Friday;26;July;7;Q3;2013
20130727;2013-07-27;Saturday;27;July;7;Q3;2013
20130728;2013-07-28;Sunday;28;July;7;Q3;2013
20130729;2013-07-29;Monday;29;July;7;Q3;2013
20130730;2013-07-30;Tuesday;30;July;7;Q3;2013
20130731;2013-07-31;Wednesday;31;July;7;Q3;2013
20130801;2013-08-01;Thursday;1;August;8;Q3;2013
20130802;2013-08-02;Friday;2;August;8;Q3;2013
20130803;2013-08-03;Saturday;3;August;8;Q3;2013
20130804;2013-08-04;Sunday;4;August;8;Q3;2013
20130805;2013-08-05;Monday;5;August;8;Q3;2013
20130806;2013-08-06;Tuesday;6;August;8;Q3;2013
20130807;2013-08-07;Wednesday;7;August;8;Q3;2013
20130808;2013-08-08;Thursday;8;August;8;Q3;2013
20130809;2013-08-09;Friday;9;August;8;Q3;2013
20130810;2013-08-10;Saturday;10;August;8;Q3;2013
20130811;2013-08-11;Sunday;11;August;8;Q3;2013
20130812;2013-08-12;Monday;12;August;8;Q3;2013
20130813;2013-08-13;Tuesday;13;August;8;Q3;2013
20130814;2013-08-14;Wednesday;14;August;8;Q3;2013
20130815;2013-08-15;Thursday;15;August;8;Q3;2013
20130816;2013-08-16;Friday;16;August;8;Q3;2013
20130817;2013-08-17;Saturday;17;August;8;Q3;2013
20130818;2013-08-18;Sunday;18;August;8;Q3;2013
20130819;2013-08-19;Monday;19;August;8;Q3;2013
20130820;2013-08-20;Tuesday;20;August;8;Q3;2013
20130821;2013-08-21;Wednesday;21;August;8;Q3;2013
20130822;2013-08-22;Thursday;22;August;8;Q3;2013
20130823;2013-08-23;Friday;23;August;8;Q3;2013
20130824;2013-08-24;Saturday;24;August;8;Q3;2013
20130825;2013-08-25;Sunday;25;August;8;Q3;2013
20130826;2013-08-26;Monday;26;August;8;Q3;2013
20130827;2013-08-27;Tuesday;27;August;8;Q3;2013
20130828;2013-08-28;Wednesday;28;August;8;Q3;2013
20130829;2013-08-29;Thursday;29;August;8;Q3;2013
20130830;2013-08-30;Friday;30;August;8;Q3;2013
20130831;2013-08-31;Saturday;31;August;8;Q3;2013
20130901;2013-09-01;Sunday;1;September;9;Q3;2013
20130902;2013-09-02;Monday;2;September;9;Q3;2013
20130903;2013-09-03;Tuesday;3;September;9;Q3;2013
20130904;2013-09-04;Wednesday;4;September;9;Q3;2013
20130905;2013-09-05;Thursday;5;September;9;Q3;2013
20130906;2013-09-06;Friday;6;September;9;Q3;2013
20130907;2013-09-07;Saturday;7;September;9;Q3;2013
20130908;2013-09-08;Sunday;8;September;9;Q3;2013
20130909;2013-09-09;Monday;9;September;9;Q3;2013
20130910;2013-09-10;Tuesday;10;September;9;Q3;2013
20130911;2013-09-11;Wednesday;11;September;9;Q3;2013
20130912;2013-09-12;Thursday;12;September;9;Q3;2013
20130913;2013-09-13;Friday;13;September;9;Q3;2013
20130914;2013-09-14;Saturday;14;September;9;Q3;2013
20130915;2013-09-15;Sunday;15;September;9;Q3;2013
20130916;2013-09-16;Monday;16;September;9;Q3;2013
20130917;2013-09-17;Tuesday;17;September;9;Q3;2013
20130918;2013-09-18;Wednesday;18;September;9;Q3;2013
20130919;2013-09-19;Thursday;19;September;9;Q3;2013
20130920;2013-09-20;Friday;20;September;9;Q3;2013
20130921;2013-09-21;Saturday;21;September;9;Q3;2013
20130922;2013-09-22;Sunday;22;September;9;Q3;2013
20130923;2013-09-23;Monday;23;September;9;Q3;2013
20130924;2013-09-24;Tuesday;24;September;9;Q3;2013
20130925;2013-09-25;Wednesday;25;September;9;Q3;2013
20130926;2013-09-26;Thursday;26;September;9;Q3;2013
20130927;2013-09-27;Friday;27;September;9;Q3;2013
20130928;2013-09-28;Saturday;28;September;9;Q3;2013
20130929;2013-09-29;Sunday;29;September;9;Q3;2013
20130930;2013-09-30;Monday;30;September;9;Q3;2013
20131001;2013-10-01;Tuesday;1;October;10;Q4;2013
20131002;2013-10-02;Wednesday;2;October;10;Q4;2013
20131003;2013-10-03;Thursday;3;October;10;Q4;2013
20131004;2013-10-04;Friday;4;October;10;Q4;2013
20131005;2013-10-05;Saturday;5;October;10;Q4;2013
20131006;2013-10-06;Sunday;6;October;10;Q4;2013
20131007;2013-10-07;Monday;7;October;10;Q4;2013
20131008;2013-10-08;Tuesday;8;October;10;Q4;2013
20131009;2013-10-09;Wednesday;9;October;10;Q4;2013
20131010;2013-10-10;Thursday;10;October;10;Q4;2013
20131011;2013-10-11;Friday;11;October;10;Q4;2013
20131012;2013-10-12;Saturday;12;October;10;Q4;2013
20131013;2013-10-13;Sunday;13;October;10;Q4;2013
20131014;2013-10-14;Monday;14;October;10;Q4;2013
20131015;2013-10-15;Tuesday;15;October;10;Q4;2013
20131016;2013-10-16;Wednesday;16;October;10;Q4;2013
20131017;2013-10-17;Thursday;17;October;10;Q4;2013
20131018;2013-10-18;Friday;18;October;10;Q4;2013
20131019;2013-10-19;Saturday;19;October;10;Q4;2013
20131020;2013-10-20;Sunday;20;October;10;Q4;2013
20131021;2013-10-21;Monday;21;October;10;Q4;2013
20131022;2013-10-22;Tuesday;22;October;10;Q4;2013
20131023;2013-10-23;Wednesday;23;October;10;Q4;2013
20131024;2013-10-24;Thursday;24;October;10;Q4;2013
20131025;2013-10-25;Friday;25;October;10;Q4;2013
20131026;2013-10-26;Saturday;26;October;10;Q4;2013
20131027;2013-10-27;Sunday;27;October;10;Q4;2013
20131028;2013-10-28;Monday;28;October;10;Q4;2013
20131029;2013-10-29;Tuesday;29;October;10;Q4;2013
20131030;2013-10-30;Wednesday;30;October;10;Q4;2013
20131031;2013-10-31;Thursday;31;October;10;Q4;2013
20131101;2013-11-01;Friday;1;November;11;Q4;2013
20131102;2013-11-02;Saturday;2;November;11;Q4;2013
20131103;2013-11-03;Sunday;3;November;11;Q4;2013
20131104;2013-11-04;Monday;4;November;11;Q4;2013
20131105;2013-11-05;Tuesday;5;November;11;Q4;2013
20131106;2013-11-06;Wednesday;6;November;11;Q4;2013
20131107;2013-11-07;Thursday;7;November;11;Q4;2013
20131108;2013-11-08;Friday;8;November;11;Q4;2013
20131109;2013-11-09;Saturday;9;November;11;Q4;2013
20131110;2013-11-10;Sunday;10;November;11;Q4;2013
20131111;2013-11-11;Monday;11;November;11;Q4;2013
20131112;2013-11-12;Tuesday;12;November;11;Q4;2013
20131113;2013-11-13;Wednesday;13;November;11;Q4;2013
20131114;2013-11-14;Thursday;14;November;11;Q4;2013
20131115;2013-11-15;Friday;15;November;11;Q4;2013
20131116;2013-11-16;Saturday;16;November;11;Q4;2013
20131117;2013-11-17;Sunday;17;November;11;Q4;2013
20131118;2013-11-18;Monday;18;November;11;Q4;2013
20131119;2013-11-19;Tuesday;19;November;11;Q4;2013
20131120;2013-11-20;Wednesday;20;November;11;Q4;2013
20131121;2013-11-21;Thursday;21;November;11;Q4;2013
20131122;2013-11-22;Friday;22;November;11;Q4;2013
20131123;2013-11-23;Saturday;23;November;11;Q4;2013
20131124;2013-11-24;Sunday;24;November;11;Q4;2013
20131125;2013-11-25;Monday;25;November;11;Q4;2013
20131126;2013-11-26;Tuesday;26;November;11;Q4;2013
20131127;2013-11-27;Wednesday;27;November;11;Q4;2013
20131128;2013-11-28;Thursday;28;November;11;Q4;2013
20131129;2013-11-29;Friday;29;November;11;Q4;2013
20131130;2013-11-30;Saturday;30;November;11;Q4;2013
20131201;2013-12-01;Sunday;1;December;12;Q4;2013
20131202;2013-12-02;Monday;2;December;12;Q4;2013
20131203;2013-12-03;Tuesday;3;December;12;Q4;2013
20131204;2013-12-04;Wednesday;4;December;12;Q4;2013
20131205;2013-12-05;Thursday;5;December;12;Q4;2013
20131206;2013-12-06;Friday;6;December;12;Q4;2013
20131207;2013-12-07;Saturday;7;December;12;Q4;2013
20131208;2013-12-08;Sunday;8;December;12;Q4;2013
20131209;2013-12-09;Monday;9;December;12;Q4;2013
20131210;2013-12-10;Tuesday;10;December;12;Q4;2013
20131211;2013-12-11;Wednesday;11;December;12;Q4;2013
20131212;2013-12-12;Thursday;12;December;12;Q4;2013
20131213;2013-12-13;Friday;13;December;12;Q4;2013
20131214;2013-12-14;Saturday;14;December;12;Q4;2013
20131215;2013-12-15;Sunday;15;December;12;Q4;2013
20131216;2013-12-16;Monday;16;December;12;Q4;2013
20131217;2013-12-17;Tuesday;17;December;12;Q4;2013
20131218;2013-12-18;Wednesday;18;December;12;Q4;2013
20131219;2013-12-19;Thursday;19;December;12;Q4;2013
20131220;2013-12-20;Friday;20;December;12;Q4;2013
20131221;2013-12-21;Saturday;21;December;12;Q4;2013
20131222;2013-12-22;Sunday;22;December;12;Q4;2013
20131223;2013-12-23;Monday;23;December;12;Q4;2013
20131224;2013-12-24;Tuesday;24;December;12;Q4;2013
20131225;2013-12-25;Wednesday;25;December;12;Q4;2013
20131226;2013-12-26;Thursday;26;December;12;Q4;2013
20131227;2013-12-27;Friday;27;December;12;Q4;2013
20131228;2013-12-28;Saturday;28;December;12;Q4;2013
20131229;2013-12-29;Sunday;29;December;12;Q4;2013
20131230;2013-12-30;Monday;30;December;12;Q4;2013
20131231;2013-12-31;Tuesday;31;December;12;Q4;2013
